{"cameraMode":{"drawMode":0,"name":"Shaded","section":"Shading Mode"},"sceneLighting":true,"audioPlay":false,"sceneViewState":{"m_AlwaysRefresh":false,"showFog":true,"showSkybox":true,"showFlares":true,"showImageEffects":true,"showParticleSystems":true,"showVisualEffectGraphs":true,"m_FxEnabled":true},"in2DMode":false,"pivot":{"x":1.6617701053619385,"y":-0.22373509407043458,"z":-0.011353254318237305},"rotation":{"x":-0.031095687299966813,"y":0.8941519260406494,"z":-0.44223839044570925,"w":-0.06287217885255814},"size":2.378648281097412,"orthographic":false}